test_acc,test_precision,test_recall,test_f1,test_auc,model,seed
0.825,0.8260969902752862,0.825,0.8248527011216433,0.903896,pos,0
0.826,0.8321433229003652,0.8260000000000001,0.8251916863577181,0.917728,dep,0
0.913,0.9145936981757877,0.913,0.912916312576386,0.967848,shape,0
0.875,0.8750015000060001,0.875,0.8749998749998751,0.9520719999999999,pos_dep,0
0.925,0.9254918686001017,0.925,0.9249783187341141,0.9756119999999999,pos_shape,0
0.948,0.949034575662326,0.948,0.9479700307377049,0.989516,dep_shape,0
0.967,0.967226137450526,0.967,0.9669960065167885,0.9940239999999999,pos_dep_shape,0
